region,type_sol,culture,rendement_moyen_predit,pluvio_moyenne,stress_hydrique_moyen,max_rendement_region,statut_recommandation
Dakar,Argileux,Mil,579.8566960058355,420.9485714285715,0.7015809548752648,782.1141435782745,CULTURE_VIABLE
Dakar,Dior,Arachide,773.7683579364201,447.9967213114754,0.6399953174786489,782.1141435782745,CULTURE_OPTIMALE
Dakar,Ferralitique,Mil,560.2294031453183,412.8672413793102,0.6881120677652031,782.1141435782745,CULTURE_VIABLE
Dakar,Limoneux,Mil,590.9909293859857,435.475,0.7257916694507003,782.1141435782745,CULTURE_VIABLE
Dakar,Sablonneux,Arachide,769.0854658753988,434.5872727272726,0.6208389650691639,782.1141435782745,CULTURE_OPTIMALE
Dakar,Sablonneux,Mil,589.8444736991617,438.8466666666668,0.7314111140039232,782.1141435782745,CULTURE_VIABLE
Dakar,Argileux,Arachide,751.1378314829866,418.37192982456133,0.597674185246752,782.1141435782745,CULTURE_OPTIMALE
Dakar,Limoneux,Arachide,782.1141435782745,441.91805555555544,0.6313115089303918,782.1141435782745,CULTURE_OPTIMALE
Dakar,Dior,Mil,587.6968670238443,434.77187499999997,0.7246197927743196,782.1141435782745,CULTURE_VIABLE
Dakar,Ferralitique,Arachide,754.949859137547,418.57407407407413,0.5979629633603273,782.1141435782745,CULTURE_OPTIMALE
Kaolack,Limoneux,Arachide,932.1216406333754,700.2594594594594,1.0003706555108767,948.7258015463665,CULTURE_OPTIMALE
Kaolack,Ferralitique,Mil,726.3837100009166,710.3950000000001,1.1839916676282882,948.7258015463665,CULTURE_VIABLE
Kaolack,Ferralitique,Arachide,914.1452061227549,681.3974358974359,0.9734249008007538,948.7258015463665,CULTURE_OPTIMALE
Kaolack,Limoneux,Niebe,667.3336277098372,714.3766666666666,1.428753344217936,948.7258015463665,CULTURE_VIABLE
Kaolack,Sablonneux,Niebe,662.5389826020736,697.6543478260869,1.3953086928181027,948.7258015463665,CULTURE_DECONSEILLE
Kaolack,Argileux,Mil,718.3809092827164,709.6692307692307,1.1827820524191246,948.7258015463665,CULTURE_VIABLE
Kaolack,Ferralitique,Niebe,679.563015033317,714.5875,1.4291749864816665,948.7258015463665,CULTURE_VIABLE
Kaolack,Sablonneux,Arachide,948.7258015463665,713.0631578947368,1.0186616496035927,948.7258015463665,CULTURE_OPTIMALE
Kaolack,Argileux,Niebe,659.3340094387369,689.0142857142858,1.3780285716056824,948.7258015463665,CULTURE_DECONSEILLE
Kaolack,Sablonneux,Mil,720.0824438082218,695.4585365853659,1.159097556660815,948.7258015463665,CULTURE_VIABLE
Kaolack,Dior,Mil,725.6861887021764,691.0088888888887,1.1516814788182577,948.7258015463665,CULTURE_VIABLE
Kaolack,Dior,Niebe,638.8634112139036,685.8666666666667,1.371733335348276,948.7258015463665,CULTURE_DECONSEILLE
Kaolack,Limoneux,Mil,718.6901531359126,710.6279069767443,1.1843798507091612,948.7258015463665,CULTURE_VIABLE
Kaolack,Argileux,Arachide,928.2609340342053,730.8261904761903,1.0440374172869182,948.7258015463665,CULTURE_OPTIMALE
Kaolack,Dior,Arachide,901.7806125853332,688.3749999999999,0.9833928570151329,948.7258015463665,CULTURE_OPTIMALE
Louga,Argileux,Mil,489.70967001175643,361.21791044776126,0.6020298529027114,707.0353621836231,CULTURE_DECONSEILLE
Louga,Ferralitique,Arachide,707.0353621836231,353.4937500000001,0.5049910725404819,707.0353621836231,CULTURE_OPTIMALE
Louga,Ferralitique,Mil,493.9628736299563,342.5355932203391,0.5708926582740526,707.0353621836231,CULTURE_DECONSEILLE
Louga,Sablonneux,Arachide,689.3315207935627,360.7047619047619,0.5152925167764936,707.0353621836231,CULTURE_OPTIMALE
Louga,Sablonneux,Mil,501.43972391809456,358.45098039215685,0.597418300077027,707.0353621836231,CULTURE_VIABLE
Louga,Dior,Mil,500.72919557202806,361.9483870967741,0.6032473146915436,707.0353621836231,CULTURE_VIABLE
Louga,Dior,Arachide,683.7630510597041,351.26274509803915,0.501803922886942,707.0353621836231,CULTURE_OPTIMALE
Louga,Limoneux,Arachide,687.813015590622,356.30273972602737,0.5090039094833478,707.0353621836231,CULTURE_OPTIMALE
Louga,Argileux,Arachide,674.9948394778794,345.92321428571415,0.494176021111863,707.0353621836231,CULTURE_OPTIMALE
Louga,Limoneux,Mil,497.6264704600692,352.4785714285714,0.5874642836196082,707.0353621836231,CULTURE_VIABLE
Saint-Louis,Argileux,Mil,446.32235798935665,286.1142857142859,0.4768571418429178,1025.1754046057026,CULTURE_DECONSEILLE
Saint-Louis,Dior,Riz,968.2063942257455,302.5052631578947,0.302505264418167,1025.1754046057026,CULTURE_OPTIMALE
Saint-Louis,Ferralitique,Riz,1025.1754046057026,312.7708860759493,0.31277088651174234,1025.1754046057026,CULTURE_OPTIMALE
Saint-Louis,Sablonneux,Riz,977.6645557273479,304.5596491228069,0.3045596496055001,1025.1754046057026,CULTURE_OPTIMALE
Saint-Louis,Limoneux,Mil,456.18503680087383,286.6625000000001,0.47777083376422524,1025.1754046057026,CULTURE_DECONSEILLE
Saint-Louis,Ferralitique,Mil,468.14816632815814,296.431746031746,0.4940529101424747,1025.1754046057026,CULTURE_DECONSEILLE
Saint-Louis,Limoneux,Riz,1005.4072443977991,317.73799999999994,0.31773800164461136,1025.1754046057026,CULTURE_OPTIMALE
Saint-Louis,Dior,Mil,464.6556058504015,290.4719298245614,0.48411988532334044,1025.1754046057026,CULTURE_DECONSEILLE
Saint-Louis,Sablonneux,Mil,468.508681012181,304.90000000000003,0.5081666654774121,1025.1754046057026,CULTURE_DECONSEILLE
Saint-Louis,Argileux,Riz,948.1921109113873,295.5407407407407,0.29554074064449026,1025.1754046057026,CULTURE_OPTIMALE
Tambacounda,Ferralitique,Mil,839.0366895140415,923.991176470588,1.539985295604257,8661.140348879464,CULTURE_DECONSEILLE
Tambacounda,Argileux,Manioc,8461.158469052692,905.8489795918366,1.132311232235967,8661.140348879464,CULTURE_OPTIMALE
Tambacounda,Dior,Manioc,8360.877762537495,886.9545454545454,1.1086931770498103,8661.140348879464,CULTURE_OPTIMALE
Tambacounda,Dior,Mil,845.4932581892967,871.3414634146343,1.447548781953207,8661.140348879464,CULTURE_DECONSEILLE
Tambacounda,Limoneux,Manioc,8422.18247742604,883.6756097560975,1.104594515591133,8661.140348879464,CULTURE_OPTIMALE
Tambacounda,Sablonneux,Niebe,747.0000283869654,910.9333333333335,1.7826999955707126,8661.140348879464,CULTURE_DECONSEILLE
Tambacounda,Dior,Niebe,754.0877175058639,904.4511111111113,1.7765911102294922,8661.140348879464,CULTURE_DECONSEILLE
Tambacounda,Argileux,Mil,851.9264643362606,918.5923076923079,1.5287307730087867,8661.140348879464,CULTURE_DECONSEILLE
Tambacounda,Sablonneux,Mil,843.3347834443726,914.2125000000001,1.5236874967813492,8661.140348879464,CULTURE_DECONSEILLE
Tambacounda,Ferralitique,Manioc,8483.884517799499,886.1448275862068,1.1076810277741531,8661.140348879464,CULTURE_OPTIMALE
Tambacounda,Ferralitique,Niebe,749.0983371291032,881.5952380952383,1.7380095152627855,8661.140348879464,CULTURE_DECONSEILLE
Tambacounda,Limoneux,Niebe,744.3198343367867,903.7777777777776,1.7711644464068943,8661.140348879464,CULTURE_DECONSEILLE
Tambacounda,Limoneux,Mil,834.6389581089416,885.2160000000002,1.4753600060939789,8661.140348879464,CULTURE_DECONSEILLE
Tambacounda,Sablonneux,Manioc,8661.140348879464,910.2700000000001,1.1378374993801117,8661.140348879464,CULTURE_OPTIMALE
Tambacounda,Argileux,Niebe,725.8846372159423,890.7414634146344,1.7609512137203682,8661.140348879464,CULTURE_DECONSEILLE
Thies,Limoneux,Arachide,821.8112301803671,517.4272727272725,0.7391818183841128,821.8112301803671,CULTURE_OPTIMALE
Thies,Limoneux,Mil,613.2336296353998,500.53749999999997,0.8342291638255119,821.8112301803671,CULTURE_VIABLE
Thies,Sablonneux,Arachide,799.9718202345636,499.92244897959193,0.7141749281056073,821.8112301803671,CULTURE_OPTIMALE
Thies,Argileux,Arachide,809.6258031648247,504.6333333333333,0.7209047605593999,821.8112301803671,CULTURE_OPTIMALE
Thies,Dior,Mil,616.3868381868369,500.5,0.8341666714233511,821.8112301803671,CULTURE_VIABLE
Thies,Ferralitique,Mil,618.5144950412276,478.6353846153846,0.7977256417274475,821.8112301803671,CULTURE_VIABLE
Thies,Argileux,Mil,619.7293869245043,485.94259259259263,0.809904318164896,821.8112301803671,CULTURE_VIABLE
Thies,Dior,Arachide,810.5317234118764,503.77681159420297,0.7196811575820481,821.8112301803671,CULTURE_OPTIMALE
Thies,Ferralitique,Arachide,796.8907144781622,502.4491525423727,0.7177845057794603,821.8112301803671,CULTURE_OPTIMALE
Thies,Sablonneux,Mil,602.1265032232716,483.0290322580646,0.8050483835320319,821.8112301803671,CULTURE_VIABLE
Ziguinchor,Dior,Manioc,9733.159214960462,1192.4102564102564,1.4905128265038514,10156.16088709901,CULTURE_OPTIMALE
Ziguinchor,Sablonneux,Arachide,1354.3227176395721,1159.134545454545,1.655438967184587,10156.16088709901,CULTURE_DECONSEILLE
Ziguinchor,Dior,Riz,3840.21249206094,1186.5744680851064,1.1865744755623189,10156.16088709901,CULTURE_DECONSEILLE
Ziguinchor,Argileux,Manioc,9785.263886062145,1160.8937500000002,1.451117180287838,10156.16088709901,CULTURE_OPTIMALE
Ziguinchor,Sablonneux,Manioc,9846.586768697955,1194.0314285714287,1.492539290019444,10156.16088709901,CULTURE_OPTIMALE
Ziguinchor,Sablonneux,Riz,3731.7552772642875,1176.2323529411763,1.176232355482438,10156.16088709901,CULTURE_DECONSEILLE
Ziguinchor,Ferralitique,Manioc,9878.846334348273,1195.9785714285713,1.4949732082230704,10156.16088709901,CULTURE_OPTIMALE
Ziguinchor,Ferralitique,Riz,3928.4187088119716,1217.76,1.2177599951624871,10156.16088709901,CULTURE_DECONSEILLE
Ziguinchor,Limoneux,Manioc,10156.16088709901,1219.2410256410255,1.524051281122061,10156.16088709901,CULTURE_OPTIMALE
Ziguinchor,Argileux,Riz,3853.424725448476,1174.1734693877556,1.174173468229722,10156.16088709901,CULTURE_DECONSEILLE
Ziguinchor,Ferralitique,Arachide,1340.5505582068058,1196.8857142857144,1.7022210898853483,10156.16088709901,CULTURE_DECONSEILLE
Ziguinchor,Argileux,Arachide,1355.8667548851586,1160.2333333333336,1.6560408075650532,10156.16088709901,CULTURE_DECONSEILLE
Ziguinchor,Dior,Arachide,1375.6958329827362,1201.9000000000003,1.7104666709899903,10156.16088709901,CULTURE_DECONSEILLE
Ziguinchor,Limoneux,Riz,3802.353725735669,1183.0531250000001,1.183053120970726,10156.16088709901,CULTURE_DECONSEILLE
Ziguinchor,Limoneux,Arachide,1376.5327661441825,1179.8258064516128,1.685465439673393,10156.16088709901,CULTURE_DECONSEILLE
region,type_sol,culture,,,0.0,,CULTURE_DECONSEILLE
